rank,name,rating,reviews,phone,category
1,Tribble Air Duct Cleaning,5.0,11,(470) 839-3081,Air duct cleaning service
2,HVAC Cleaning Technologies,5.0,809,(404) 737-9167,Air duct cleaning service
3,Hurricane Group Cumming,5.0,127,(404) 999-1605,Air duct cleaning service
4,Ducts Unlimited: Professional Air Duct Cleaning,5.0,1,(678) 906-5434,Air duct cleaning service
5,Spectrum Duct Cleaning,5.0,6,(404) 940-1940,Air duct cleaning service
6,MMI Home Improvement,4.8,208,(470) 445-1535,Air duct cleaning service
7,Emergency Heating and Air Conditioning,4.9,143,(678) 845-6565,HVAC contractor
8,"Four Seasons Vent Cleaning Services, LLC",4.9,54,(470) 457-9415,Four Seasons Vent Cleaning Service
9,Simply Clean Ducts & Vents LLC,4.8,191,(404) 642-6000,Air duct cleaning service
10,Reliance Heating and Air,4.8,632,(770) 886-1998,HVAC contractor
11,Air of America Air Duct & Dryer Vent Cleaning Services,4.9,641,(770) 800-3152,Dryer Vent Cleaning Service
12,"Cheeky Heating, Cooling, & Plumbing",4.8,2736,(770) 892-6657,HVAC contractor
13,"Kennon Heating, Air & Plumbing",4.9,2923,(470) 239-5255,Air duct cleaning service
14,KONVANT Property Services,4.9,50,(770) 809-1434,KONVANT Property Service
15,Technicare Home Pros,5.0,343,(404) 334-0719,Carpet cleaning service
16,SERVPRO of Forsyth and Dawson Counties,4.9,458,(770) 744-1024,Air duct cleaning service
17,Home Dryer Solutions,5.0,231,(404) 999-8368,Dryer vent cleaning service
18,Blasberg Cleaning,4.7,34,(470) 641-1015,Cleaners
19,Cooper Massey Services Air Duct Cleaning,4.9,112,(404) 490-2035,Cooper Massey Service
20,"Jade Heating & Air, Inc.",4.9,100,(678) 549-9919,Air conditioning contractor
SPONSORED,Ductor Clean Air,5.0,210,(470) 665-3828,Air duct cleaning service
SPONSORED,Trusted Air Cleaning,1.3,8,,Air duct cleaning service
21,"Mad Hatter-Fireplace, Grills and Outdoor Living",4.8,1080,(770) 740-8133,
22,Atlanta Air Experts,4.8,116,(678) 436-8288,Air duct cleaning service
23,Hurricane Air Duct Cleaning Services,4.9,274,(404) 777-0563,Hurricane Air Duct Cleaning Service
24,Mustang Dryer Vents,4.9,109,(470) 882-2097,Dryer vent cleaning service
25,H & M Services,4.9,74,(770) 844-8405,HVAC contractor
26,Georgia Comfort Heating and Air Conditioning,4.6,59,(855) 432-8266,Air duct cleaning service
27,The Cleaning Wiz and Air Ducts Cleaning LLC,5.0,111,(678) 887-1549,Air duct cleaning service
28,Dynasty Ducts,4.9,197,(770) 750-5460,Air duct cleaning service
29,Andy Lewis/Hobson Heating & Air,4.7,471,(770) 602-4400,HVAC contractor
30,Enviro-Master of East Atlanta,5.0,361,(706) 525-5287,Janitorial service
31,Integrity Air Care,5.0,445,(470) 302-1083,Air duct cleaning service
32,"ClimateSmith, LLC",4.9,58,(770) 475-9555,Heating contractor
33,AirDuct Rescue,5.0,2033,(470) 818-0716,Air duct cleaning service
34,SafeAir Services,4.9,137,(770) 954-7959,SafeAir Services SafeAir Service
35,The Honest Guys,4.8,456,(470) 447-2600,Air duct cleaning service
36,JE Mechanical Heating & Air,4.9,136,(470) 239-1411,HVAC contractor
37,Quality Air Care HVAC Company & Air Duct Cleaning,5.0,456,(470) 364-9503,Quality Air Care HVAC Company
38,All Pro Duct & Air Cleaning,4.3,9,(678) 670-0251,Air duct cleaning service
39,All Pro Duct & Air Cleaning,,,(678) 670-0251,reviews Air duct cleaning service
